{
  "src/libANGLE/renderer/FormatID_autogen.h":
    "6df4632c2908751635396a073c206da6",
  "src/libANGLE/renderer/Format_table_autogen.cpp":
    "69d5325f5a71af4d7a5017b0a85743a4",
  "src/libANGLE/renderer/angle_format.py":
    "32ba71942c0fd00e6807104f1bb80a3c",
  "src/libANGLE/renderer/angle_format_data.json":
    "b0c39827c36941a283f679345fea6d3e",
  "src/libANGLE/renderer/angle_format_map.json":
    "bca5e686001f6dd0af306af234a36677",
  "src/libANGLE/renderer/gen_angle_format_table.py":
    "8e349a643e81a028ebb54bde3756f9f7"
}