{
  "scripts/egl.xml":
    "842e24514c4cfe09fba703c17a0fd292",
  "scripts/egl_angle_ext.xml":
    "24d4348e6c064b6837f46c955cc219a8",
  "scripts/generate_loader.py":
    "48c60c668bec42a80378179aae2acc61",
  "scripts/registry_xml.py":
    "78a90e53e3170645d2e24a9998cc7b16",
  "scripts/wgl.xml":
    "aa96419c582af2f6673430e2847693f4",
  "src/libEGL/egl_loader_autogen.cpp":
    "83b3307f377e3ead495cdb9eb53460ab",
  "src/libEGL/egl_loader_autogen.h":
    "5504e375372f2f116fc8c192753a923f",
  "util/egl_loader_autogen.cpp":
    "22c6cdfa133c449e3b046075254841c5",
  "util/egl_loader_autogen.h":
    "6349dd7847bd72466919816befb6841d",
  "util/gles_loader_autogen.cpp":
    "c3025da071517953912c174680e65962",
  "util/gles_loader_autogen.h":
    "f26590cfa63a665d94b180ebd0748d21",
  "util/windows/wgl_loader_autogen.cpp":
    "12ffb44e5e743c826e4d84ac65cdba82",
  "util/windows/wgl_loader_autogen.h":
    "e18f6c134b709c5a69ed3b4ff38642d0"
}