{
  "src/libANGLE/renderer/metal/shaders/blit.metal":
    "86cad2bdbbed1fe7ec94f4ce01ede0c1",
  "src/libANGLE/renderer/metal/shaders/clear.metal":
    "1c231afc6100433a79fce49046aa5965",
  "src/libANGLE/renderer/metal/shaders/common.h":
    "d44903e10552301d7ec89c1a0e6e0862",
  "src/libANGLE/renderer/metal/shaders/compiled/mtl_default_shaders.inc":
    "ae02216e4b3588d28b0e87a54deddabb",
  "src/libANGLE/renderer/metal/shaders/gen_indices.metal":
    "002511e2b980a7fca7e80cbda6a82712",
  "src/libANGLE/renderer/metal/shaders/gen_mtl_internal_shaders.py":
    "8de75752bb966cdbe575defc04fa7a7a",
  "src/libANGLE/renderer/metal/shaders/master_source.metal":
    "fbe6f4bfb49a48ae87791a4cff5fab0a",
  "src/libANGLE/renderer/metal/shaders/mtl_default_shaders_src_autogen.inc":
    "492ddcfd51acfc95d02de2658cf999cd"
}