{
  "scripts/gl.xml":
    "c4a3213e606d844e812883fd729c4fd3",
  "src/libANGLE/renderer/angle_format.py":
    "32ba71942c0fd00e6807104f1bb80a3c",
  "src/libANGLE/renderer/gl/DispatchTableGL_autogen.cpp":
    "ea253c245e64fd67c55904fd28173997",
  "src/libANGLE/renderer/gl/DispatchTableGL_autogen.h":
    "27af4da77c5cc60708fd2aabedc983f7",
  "src/libANGLE/renderer/gl/generate_gl_dispatch_table.py":
    "4f19a7eee17679b3a0ad4abad6fab2c9",
  "src/libANGLE/renderer/gl/gl_bindings_data.json":
    "e870a4d86dc69e52dcab9afd78a47c9b",
  "src/libANGLE/renderer/gl/null_functions.cpp":
    "80406da03a9500023f196a70144f1059",
  "src/libANGLE/renderer/gl/null_functions.h":
    "773950879f646085f78b89fe6a2daf5d"
}