{
  "src/common/PackedEGLEnums_autogen.cpp":
    "51fe45095a4c15fb0cdc3b2dc13ad437",
  "src/common/PackedEGLEnums_autogen.h":
    "96a117fc4265af386798a5553a719ff2",
  "src/common/PackedGLEnums_autogen.cpp":
    "3156f86ac0735bb570a1635e3780a574",
  "src/common/PackedGLEnums_autogen.h":
    "d89377a816b1bb426e4d6a473499d8ba",
  "src/common/gen_packed_gl_enums.py":
    "b3e96ea44f52ec23ee893bd843dfd2cb",
  "src/common/packed_egl_enums.json":
    "5f591d220ee53b6e54a27d1523a3ab79",
  "src/common/packed_gl_enums.json":
    "58f073477669614ccdc7e161d4e51c89"
}