{
  "scripts/egl.xml":
    "842e24514c4cfe09fba703c17a0fd292",
  "scripts/egl_angle_ext.xml":
    "24d4348e6c064b6837f46c955cc219a8",
  "scripts/gen_proc_table.py":
    "24dbcc78fd3f000f58ca98237ccc0da4",
  "scripts/gl.xml":
    "c4a3213e606d844e812883fd729c4fd3",
  "scripts/gl_angle_ext.xml":
    "d6907cd84d95ac0b32a164194eadcf53",
  "scripts/registry_xml.py":
    "78a90e53e3170645d2e24a9998cc7b16",
  "scripts/wgl.xml":
    "aa96419c582af2f6673430e2847693f4",
  "src/libGL/proc_table_wgl_autogen.cpp":
    "6844abf06aa6fb7a26878acb0d69df07",
  "src/libGLESv2/proc_table_egl_autogen.cpp":
    "9436c346cf67f3fea38ee2654dd43bf8"
}